model,auc_roc,auc_pr,brier_score,accuracy,precision,recall,f1_score,approval_rate,default_rate_approved,threshold
logistic_regression,0.7493245678493946,0.911631639747579,0.19647973388478895,0.67097098775784,0.8913104219055602,0.6697459584295612,0.7648046032126589,0.6002012409860809,0.10868957809443978,0.5
random_forest,0.7382458534537057,0.9073763358294099,0.14134867787758207,0.8195539158141875,0.8353647444060397,0.9640982574007978,0.8951267056530214,0.9218514170719436,0.16463525559396033,0.5
lightgbm,0.7080309153894605,0.8905247236001711,0.13710476202619673,0.8271004527922187,0.8273684210526315,0.990132269577997,0.9014622957086877,0.955894683883951,0.1726315789473684,0.5
xgboost,0.7007502274476871,0.8879158542899698,0.1382853220156242,0.8264296495052825,0.8243995823181344,0.9945412555112324,0.9015129888666857,0.9636089216837163,0.17560041768186566,0.5
